{
  "version": "3.84.31722.0",
  "course_id": "5cFHjltSOxj",
  "title": "Lab5",
  "thumbnail": "story_content/thumbnail.jpg",
  "scenes": [
    {
      "title": "Cloudaire - Empathy"
    }
  ],
  "slides": [
    {
      "id": "6aYHALOgaQm",
      "title": "Home",
      "scene_index": "1.1"
    },
    {
      "id": "5cT4oOheeMP",
      "title": "Breaking News ",
      "scene_index": "1.2"
    },
    {
      "id": "6TlqBJsu8K8",
      "title": "Introduction",
      "scene_index": "1.3"
    },
    {
      "id": "6jyHLokhr5n",
      "title": "Help me",
      "scene_index": "1.4"
    },
    {
      "id": "5ZcKDugHBlW",
      "title": "Ready to Respond? ",
      "scene_index": "1.5"
    },
    {
      "id": "5XFVsyd4LWY",
      "title": "Ready to Respond?",
      "scene_index": "1.6"
    },
    {
      "id": "5wikHEBMfUq",
      "title": "Ask Emily",
      "scene_index": "1.7"
    },
    {
      "id": "62zJEbK1k5Z",
      "title": "Consult the Handbook",
      "scene_index": "1.8"
    },
    {
      "id": "6ClsWh7KXYb",
      "title": "Respond to the Customer",
      "scene_index": "1.9"
    },
    {
      "id": "5sP1Vil4tbf",
      "title": "Respond to the Customer ",
      "scene_index": "1.10"
    },
    {
      "id": "5dOQDG8XDIh",
      "title": "Bad Answer",
      "scene_index": "1.11"
    },
    {
      "id": "5bnNGy9quSt",
      "title": "Bad Answer 2",
      "scene_index": "1.12"
    },
    {
      "id": "68pDqlxXsyz",
      "title": "Good Answer",
      "scene_index": "1.13"
    },
    {
      "id": "5Zskduk6bbE",
      "title": "Conclusion ",
      "scene_index": "1.14"
    }
  ],
  "player": {
    "name": "unified",
    "width": 1110,
    "height": 638
  },
  "stage": {
    "width": 850,
    "height": 520
  }
}