{
  "version": "3.93.33359.0",
  "course_id": "6q6N3S2XDO0",
  "title": "Helpful Communication Techniques  Between Families and ELP Teachers (Mod 1)",
  "thumbnail": "story_content/thumbnail.jpg",
  "scenes": [
    {
      "title": "Untitled Scene"
    }
  ],
  "slides": [
    {
      "id": "5wdCUJkOn3w",
      "title": "Title ",
      "scene_index": "1.1"
    },
    {
      "id": "6R7HsSykOiZ",
      "title": "Introduction ",
      "scene_index": "1.2"
    },
    {
      "id": "5tHcTLTCleh",
      "title": "Course Purpose ",
      "scene_index": "1.3"
    },
    {
      "id": "6F2X0Unkckh",
      "title": "Course Structure",
      "scene_index": "1.4"
    },
    {
      "id": "5ij8E7NIzaF",
      "title": "Learning Objective  1",
      "scene_index": "1.5"
    },
    {
      "id": "5WKeJ7sqids",
      "title": "Importance of Communication in Schools",
      "scene_index": "1.6"
    },
    {
      "id": "5kPMTvZoyJN",
      "title": "Quiz",
      "scene_index": "1.7"
    },
    {
      "id": "6qMcbNsytcf",
      "title": " Art Of Communication",
      "scene_index": "1.8"
    },
    {
      "id": "6qxZWmsdOw8",
      "title": "Quiz",
      "scene_index": "1.9"
    },
    {
      "id": "6Y7gQ71SicC",
      "title": "Quiz",
      "scene_index": "1.10"
    },
    {
      "id": "6Q8RdLv9OLF",
      "title": "Meaningful Communication.",
      "scene_index": "1.11"
    },
    {
      "id": "68Iou564m5p",
      "title": "Basic Communication Skills",
      "scene_index": "1.12"
    },
    {
      "id": "5sCziGZu40N",
      "title": "Learning Objective  2",
      "scene_index": "1.13"
    },
    {
      "id": "6hy9HVBQd21",
      "title": "Benefits of Positive Communication",
      "scene_index": "1.14"
    },
    {
      "id": "5rCvUd8GEft",
      "title": "Benefits of Positive Communication",
      "scene_index": "1.15"
    },
    {
      "id": "6M11Flws9vO",
      "title": "Quiz",
      "scene_index": "1.16"
    },
    {
      "id": "63gYau729y3",
      "title": "Positive Communication",
      "scene_index": "1.17"
    },
    {
      "id": "5iKDDxL0bBF",
      "title": "Importance of Good Relationships",
      "scene_index": "1.18"
    },
    {
      "id": "6rPPGBpbtht",
      "title": "Support Parents ",
      "scene_index": "1.19"
    },
    {
      "id": "6IBcbokHDLA",
      "title": "Ensuring Parents Feel Safe ",
      "scene_index": "1.20"
    },
    {
      "id": "68v0FSfy0Zn",
      "title": "Quiz",
      "scene_index": "1.21"
    },
    {
      "id": "5vqBV0yRJNo",
      "title": "Quiz",
      "scene_index": "1.22"
    },
    {
      "id": "6ihqXN2Ttr2",
      "title": "Quiz",
      "scene_index": "1.23"
    },
    {
      "id": "5ssxSaLrW1d",
      "title": "Ending",
      "scene_index": "1.24"
    },
    {
      "id": "5tET2FomqZU",
      "title": "QUIZ RESULTS",
      "scene_index": "1.25"
    }
  ],
  "player": {
    "name": "unified",
    "width": 980,
    "height": 658
  },
  "stage": {
    "width": 720,
    "height": 540
  }
}