{
  "version": "3.84.31722.0",
  "course_id": "6VZsCQKBQdV",
  "title": "Effective Communication With Preschool Parents",
  "thumbnail": "story_content/thumbnail.jpg",
  "scenes": [
    {
      "title": "Untitled Scene"
    }
  ],
  "slides": [
    {
      "id": "6Zl4X5So7b6",
      "title": "Effective Communication With Preschool Parents",
      "scene_index": "1.1"
    },
    {
      "id": "60CcKMUgniQ",
      "title": "Course Objectives",
      "scene_index": "1.2"
    },
    {
      "id": "6HEgOshhT8e",
      "title": "Positive Communication Characteristics",
      "scene_index": "1.3"
    },
    {
      "id": "5qYTKEXhwRg",
      "title": "Does communicating effectively contribute to a positive relationship with parents and students?",
      "scene_index": "1.4"
    },
    {
      "id": "5Y3vLCj36I4",
      "title": "5 Steps For Effective Communication ",
      "scene_index": "1.5"
    },
    {
      "id": "63x3VLBGBjS",
      "title": "1. Ensure families feel comfortable with parent teacher communication",
      "scene_index": "1.6"
    },
    {
      "id": "6oZIeEGXNpm",
      "title": "2. Listen carefully ",
      "scene_index": "1.7"
    },
    {
      "id": "6XWiAggL4vp",
      "title": "3. Take Parents concerns Seriously ",
      "scene_index": "1.8"
    },
    {
      "id": "5dFFwTG138S",
      "title": "4. Find solutions together ",
      "scene_index": "1.9"
    },
    {
      "id": "6ANK842fn9T",
      "title": "5. Check in regularly",
      "scene_index": "1.10"
    },
    {
      "id": "6OUxpxIrqlQ",
      "title": "DRAG-AND-DROP INTERACTION",
      "scene_index": "1.11"
    },
    {
      "id": "6HyY1ax50dC",
      "title": "Game ",
      "scene_index": "1.12"
    },
    {
      "id": "641XUeKGu9B",
      "title": "Consequences of Poor Communication ",
      "scene_index": "1.13"
    },
    {
      "id": "68wzl3cynKY",
      "title": "Negative communication between parents and teachers will not affect the academic performance of a child. \r\n",
      "scene_index": "1.14"
    },
    {
      "id": "6421VNmslez",
      "title": "Conclusion ",
      "scene_index": "1.15"
    },
    {
      "id": "5hnL3BUErVx",
      "title": "QUIZ RESULTS",
      "scene_index": "1.16"
    },
    {
      "id": "6ntTu1tztss",
      "title": "Credits ",
      "scene_index": "1.17"
    }
  ],
  "player": {
    "name": "unified",
    "width": 1220,
    "height": 658
  },
  "stage": {
    "width": 960,
    "height": 540
  }
}