{
  "version": "3.84.31722.0",
  "course_id": "6hcptERaPp1",
  "title": "Untitled1",
  "thumbnail": "story_content/thumbnail.jpg",
  "scenes": [
    {
      "title": "Untitled Scene"
    }
  ],
  "slides": [
    {
      "id": "6aK7zONhv0W",
      "title": "Title",
      "scene_index": "1.1"
    },
    {
      "id": "6YRfuWIrsQ4",
      "title": "COURSE OBJECTIVES",
      "scene_index": "1.2"
    },
    {
      "id": "6aMKD16tDPL",
      "title": "Personalization Principle ",
      "scene_index": "1.3"
    },
    {
      "id": "6B9PQ6wH478",
      "title": "Personalization Principle ",
      "scene_index": "1.4"
    },
    {
      "id": "63xVOSpz4jc",
      "title": "Personalization Principle ",
      "scene_index": "1.5"
    },
    {
      "id": "6Mz8YRaS7uv",
      "title": "50/50 LAYOUT",
      "scene_index": "1.6"
    },
    {
      "id": "6LDTllXj300",
      "title": "ONE-PERSON SCENARIO",
      "scene_index": "1.7"
    },
    {
      "id": "68BPei8jUBX",
      "title": "Video",
      "scene_index": "1.8"
    },
    {
      "id": "5eamwh6PyPZ",
      "title": "MULTIPLE CHOICE",
      "scene_index": "1.9"
    },
    {
      "id": "5meOF7l4leq",
      "title": "MULTIPLE CHOICE",
      "scene_index": "1.10"
    },
    {
      "id": "5nSsyzlIqCf",
      "title": " Using conversational style when speaking will provide  _________ effects on the learners results. ",
      "scene_index": "1.11"
    },
    {
      "id": "5sO9VImGweX",
      "title": "QUIZ RESULTS",
      "scene_index": "1.12"
    },
    {
      "id": "61kvuYTMh4S",
      "title": "EXIT COURSE",
      "scene_index": "1.13"
    },
    {
      "id": "6GHIKUGHjQb",
      "title": "References ",
      "scene_index": "1.14"
    }
  ],
  "player": {
    "name": "unified",
    "width": 980,
    "height": 658
  },
  "stage": {
    "width": 720,
    "height": 540
  }
}